{"cameraMode":{"drawMode":0,"name":"Shaded","section":"Shading Mode"},"sceneLighting":false,"audioPlay":false,"sceneViewState":{"showFog":true,"showMaterialUpdate":false,"showSkybox":true,"showFlares":true,"showImageEffects":true,"showParticleSystems":true},"in2DMode":false,"pivot":{"x":220.16297912597657,"y":163.46075439453126,"z":22.736358642578126},"rotation":{"x":-0.04152633622288704,"y":0.08531960099935532,"z":0.0035598615650087597,"w":0.995481550693512},"size":540.9551391601563,"orthographic":false}