{"cameraMode":{"drawMode":0,"name":"Shaded","section":"Shading Mode"},"sceneLighting":true,"audioPlay":false,"sceneViewState":{"showFog":true,"showMaterialUpdate":false,"showSkybox":true,"showFlares":true,"showImageEffects":true,"showParticleSystems":true},"in2DMode":false,"pivot":{"x":2.0477101802825929,"y":-3.055591106414795,"z":4.1497015953063969},"rotation":{"x":-0.25863513350486758,"y":0.04489811882376671,"z":-0.012035275809466839,"w":-0.9648560285568237},"size":9.823012351989746,"orthographic":false}